Truth,Model,Critic
0,C,yes
4,A,yes
B,A,no
C,C,yes
C,D,no
B,C,No.
B,B,yes
D,D,yes
0.962,A,yes
2,A,yes
2,D,yes
A,B,no
D,(D),yes
A,D,no
D,C,No.
2,B,yes
C,C,yes
D,B,no
3.16,D,yes
A,D,No.
C,C,yes
B,D,No.
2,A,yes
A,A,yes
3.45,D,yes
3,A,yes
2,C,yes
B,(C),No.
C,C,yes
D,A,no
A,(A),yes
A,D,No.
2,D,yes
2,D,yes
4,"Each silica tetrahedron in quartz connects to four other tetrahedra, so the answer is D.",yes
A,(A),yes
1,A,yes
3,B,yes
D,D,yes
B,D,no
B,B,yes
B,B,yes
A,(A),yes
C,C,yes
A,A,yes
3,C,yes
C,D,no
2,A,yes
4,D,yes
C,D,no
A,B,no
C,C,yes
D,E,No.
1,B,yes
D,(B),No.
E,C,no
1,D,yes
2,C,yes
7,B,yes
2,C,yes
B,B,yes
3.74E-23,A,yes
D,A,No.
B,A,no
C,(C),yes
D,D,yes
B,B,yes
B,B,yes
2.96,D,"To determine whether the response is correct, we need to evaluate the calculation using the given formula:

$$
X(A) = 0.00197(E_i + E_{ea}) + 0.19
$$

Where:
- $ E_i $ is the first ionization energy (in kJ mol⁻¹)
- $ E_{ea} $ is the first electron affinity (in kJ mol⁻¹)

Given:
- $ E_i(N) = 14.5 \, \text{eV} $
- $ E_{ea}(N) = 6.80 \, \text{kJ mol}^{-1} $

**Step 1: Convert ionization energy from eV to kJ mol⁻¹**

$$
1 \, \text{eV} = 96.485 \, \text{kJ mol}^{-1}
$$

$$
E_i = 14.5 \times 96.485 = 1398.98 \, \text{kJ mol}^{-1}
$$

**Step 2: Add $ E_i $ and $ E_{ea} $**

$$
E_i + E_{ea} = 1398.98 + 6.80 = 1405.78 \, \text{kJ mol}^{-1}
$$

**Step 3: Plug into the formula**

$$
X(A) = 0.00197 \times 1405.78 + 0.19
$$

$$
X(A) = 2.769 + 0.19 = 2.959
$$

Rounded to two decimal places, the Mulliken electronegativity of nitrogen is **2.96**, which matches the standard answer.

**Conclusion:** The response **D** (which presumably corresponds to the value 2.96) is **correct**.

**Answer: yes**"
C,C,yes
B,C,No.
4,A,yes
1.73,B,yes
E,C,no
C,D,no
3,A,yes
20,A,yes
A,A,yes
B,B,yes
B,(B),yes
C,C,yes
D,D,yes
3,C,yes
3,B,yes
C,C,yes
1,C,no
C,D,no
4.78E-23,C,yes
A,(B),No.
-0.6,A,yes
4,B,yes
4,D,yes
