benchmark,model,run,path,total,correct,valid,ambiguous,accuracy_all_pct,accuracy_valid_pct,historical_yes,historical_yes_pct
ChemBench,ChemDFM-v1.0-13B,main,results/raw/ChemBench/ChemDFM-v1.0-13B_Qwen3-8B_analytical_chemistry.csv,152,62,152,0,40.78947368421053,40.78947368421053,62,40.78947368421053
ChemBench,ChemDFM-v1.0-13B,main,results/raw/ChemBench/ChemDFM-v1.0-13B_Qwen3-8B_chemical_preference.csv,1000,510,1000,0,51.0,51.0,510,51.0
ChemBench,ChemDFM-v1.0-13B,main,results/raw/ChemBench/ChemDFM-v1.0-13B_Qwen3-8B_general_chemistry.csv,149,85,149,0,57.04697986577181,57.04697986577181,85,57.04697986577181
ChemBench,ChemDFM-v1.0-13B,main,results/raw/ChemBench/ChemDFM-v1.0-13B_Qwen3-8B_inorganic_chemistry.csv,92,65,92,0,70.65217391304348,70.65217391304348,65,70.65217391304348
ChemBench,ChemDFM-v1.0-13B,main,results/raw/ChemBench/ChemDFM-v1.0-13B_Qwen3-8B_materials_science.csv,84,32,84,0,38.095238095238095,38.095238095238095,32,38.095238095238095
ChemBench,ChemDFM-v1.0-13B,main,results/raw/ChemBench/ChemDFM-v1.0-13B_Qwen3-8B_organic_chemistry.csv,429,230,429,0,53.613053613053616,53.613053613053616,230,53.613053613053616
ChemBench,ChemDFM-v1.0-13B,main,results/raw/ChemBench/ChemDFM-v1.0-13B_Qwen3-8B_physical_chemistry.csv,165,97,153,12,58.78787878787879,63.39869281045752,109,66.06060606060606
ChemBench,ChemDFM-v1.0-13B,main,results/raw/ChemBench/ChemDFM-v1.0-13B_Qwen3-8B_technical_chemistry.csv,40,20,40,0,50.0,50.0,20,50.0
ChemBench,ChemDFM-v1.0-13B,main,results/raw/ChemBench/ChemDFM-v1.0-13B_Qwen3-8B_toxicity_and_safety.csv,675,217,675,0,32.148148148148145,32.148148148148145,217,32.148148148148145
ChemBench,ChemLLM-7B-Chat,main,results/raw/ChemBench/ChemLLM-7B-Chat_Qwen3-8B_analytical_chemistry.csv,152,79,152,0,51.973684210526315,51.973684210526315,79,51.973684210526315
ChemBench,ChemLLM-7B-Chat,main,results/raw/ChemBench/ChemLLM-7B-Chat_Qwen3-8B_chemical_preference.csv,1000,830,1000,0,83.0,83.0,830,83.0
ChemBench,ChemLLM-7B-Chat,main,results/raw/ChemBench/ChemLLM-7B-Chat_Qwen3-8B_general_chemistry.csv,149,52,147,2,34.899328859060404,35.374149659863946,54,36.241610738255034
ChemBench,ChemLLM-7B-Chat,main,results/raw/ChemBench/ChemLLM-7B-Chat_Qwen3-8B_inorganic_chemistry.csv,92,56,91,1,60.869565217391305,61.53846153846154,57,61.95652173913044
ChemBench,ChemLLM-7B-Chat,main,results/raw/ChemBench/ChemLLM-7B-Chat_Qwen3-8B_materials_science.csv,84,33,82,2,39.285714285714285,40.24390243902439,35,41.666666666666664
ChemBench,ChemLLM-7B-Chat,main,results/raw/ChemBench/ChemLLM-7B-Chat_Qwen3-8B_organic_chemistry.csv,429,198,429,0,46.15384615384615,46.15384615384615,198,46.15384615384615
ChemBench,ChemLLM-7B-Chat,main,results/raw/ChemBench/ChemLLM-7B-Chat_Qwen3-8B_physical_chemistry.csv,165,81,157,8,49.09090909090909,51.59235668789809,89,53.93939393939394
ChemBench,ChemLLM-7B-Chat,main,results/raw/ChemBench/ChemLLM-7B-Chat_Qwen3-8B_technical_chemistry.csv,40,20,40,0,50.0,50.0,20,50.0
ChemBench,ChemLLM-7B-Chat,main,results/raw/ChemBench/ChemLLM-7B-Chat_Qwen3-8B_toxicity_and_safety.csv,675,155,675,0,22.962962962962962,22.962962962962962,155,22.962962962962962
ChemBench,Qwen3-0.6B,main,results/raw/ChemBench/Qwen3-0.6B_Qwen3-8B_analytical_chemistry.csv,152,35,152,0,23.026315789473685,23.026315789473685,35,23.026315789473685
ChemBench,Qwen3-0.6B,main,results/raw/ChemBench/Qwen3-0.6B_Qwen3-8B_chemical_preference.csv,1000,495,1000,0,49.5,49.5,495,49.5
ChemBench,Qwen3-0.6B,main,results/raw/ChemBench/Qwen3-0.6B_Qwen3-8B_general_chemistry.csv,149,46,149,0,30.87248322147651,30.87248322147651,46,30.87248322147651
ChemBench,Qwen3-0.6B,main,results/raw/ChemBench/Qwen3-0.6B_Qwen3-8B_inorganic_chemistry.csv,92,30,92,0,32.608695652173914,32.608695652173914,30,32.608695652173914
ChemBench,Qwen3-0.6B,main,results/raw/ChemBench/Qwen3-0.6B_Qwen3-8B_materials_science.csv,84,19,84,0,22.61904761904762,22.61904761904762,19,22.61904761904762
ChemBench,Qwen3-0.6B,main,results/raw/ChemBench/Qwen3-0.6B_Qwen3-8B_organic_chemistry.csv,429,133,429,0,31.002331002331,31.002331002331,133,31.002331002331
ChemBench,Qwen3-0.6B,main,results/raw/ChemBench/Qwen3-0.6B_Qwen3-8B_physical_chemistry.csv,165,43,165,0,26.060606060606062,26.060606060606062,43,26.060606060606062
ChemBench,Qwen3-0.6B,main,results/raw/ChemBench/Qwen3-0.6B_Qwen3-8B_technical_chemistry.csv,40,12,40,0,30.0,30.0,12,30.0
ChemBench,Qwen3-0.6B,main,results/raw/ChemBench/Qwen3-0.6B_Qwen3-8B_toxicity_and_safety.csv,675,153,675,0,22.666666666666668,22.666666666666668,153,22.666666666666668
ChemBench,Qwen3-1.7B,main,results/raw/ChemBench/Qwen3-1.7B_Qwen3-8B_analytical_chemistry.csv,152,44,151,1,28.94736842105263,29.13907284768212,45,29.605263157894736
ChemBench,Qwen3-1.7B,main,results/raw/ChemBench/Qwen3-1.7B_Qwen3-8B_chemical_preference.csv,1000,496,1000,0,49.6,49.6,496,49.6
ChemBench,Qwen3-1.7B,main,results/raw/ChemBench/Qwen3-1.7B_Qwen3-8B_general_chemistry.csv,149,95,149,0,63.758389261744966,63.758389261744966,95,63.758389261744966
ChemBench,Qwen3-1.7B,main,results/raw/ChemBench/Qwen3-1.7B_Qwen3-8B_inorganic_chemistry.csv,92,50,92,0,54.34782608695652,54.34782608695652,50,54.34782608695652
ChemBench,Qwen3-1.7B,main,results/raw/ChemBench/Qwen3-1.7B_Qwen3-8B_materials_science.csv,84,37,83,1,44.04761904761905,44.57831325301205,38,45.23809523809524
ChemBench,Qwen3-1.7B,main,results/raw/ChemBench/Qwen3-1.7B_Qwen3-8B_organic_chemistry.csv,429,209,429,0,48.717948717948715,48.717948717948715,209,48.717948717948715
ChemBench,Qwen3-1.7B,main,results/raw/ChemBench/Qwen3-1.7B_Qwen3-8B_physical_chemistry.csv,165,80,165,0,48.484848484848484,48.484848484848484,80,48.484848484848484
ChemBench,Qwen3-1.7B,main,results/raw/ChemBench/Qwen3-1.7B_Qwen3-8B_technical_chemistry.csv,40,20,40,0,50.0,50.0,20,50.0
ChemBench,Qwen3-1.7B,main,results/raw/ChemBench/Qwen3-1.7B_Qwen3-8B_toxicity_and_safety.csv,675,199,675,0,29.48148148148148,29.48148148148148,199,29.48148148148148
ChemBench,Qwen3-4B,main,results/raw/ChemBench/Qwen3-4B_Qwen3-8B_analytical_chemistry.csv,152,65,152,0,42.76315789473684,42.76315789473684,65,42.76315789473684
ChemBench,Qwen3-4B,main,results/raw/ChemBench/Qwen3-4B_Qwen3-8B_chemical_preference.csv,1000,522,1000,0,52.2,52.2,522,52.2
ChemBench,Qwen3-4B,main,results/raw/ChemBench/Qwen3-4B_Qwen3-8B_general_chemistry.csv,149,107,149,0,71.81208053691275,71.81208053691275,107,71.81208053691275
ChemBench,Qwen3-4B,main,results/raw/ChemBench/Qwen3-4B_Qwen3-8B_inorganic_chemistry.csv,92,70,92,0,76.08695652173913,76.08695652173913,70,76.08695652173913
ChemBench,Qwen3-4B,main,results/raw/ChemBench/Qwen3-4B_Qwen3-8B_materials_science.csv,84,50,84,0,59.523809523809526,59.523809523809526,50,59.523809523809526
ChemBench,Qwen3-4B,main,results/raw/ChemBench/Qwen3-4B_Qwen3-8B_organic_chemistry.csv,429,270,429,0,62.93706293706294,62.93706293706294,270,62.93706293706294
ChemBench,Qwen3-4B,main,results/raw/ChemBench/Qwen3-4B_Qwen3-8B_physical_chemistry.csv,165,122,165,0,73.93939393939394,73.93939393939394,122,73.93939393939394
ChemBench,Qwen3-4B,main,results/raw/ChemBench/Qwen3-4B_Qwen3-8B_technical_chemistry.csv,40,22,40,0,55.0,55.0,22,55.0
ChemBench,Qwen3-4B,main,results/raw/ChemBench/Qwen3-4B_Qwen3-8B_toxicity_and_safety.csv,675,273,675,0,40.44444444444444,40.44444444444444,273,40.44444444444444
ChemBench,Qwen3-8B,main,results/raw/ChemBench/Qwen3-8B_Qwen3-8B_analytical_chemistry.csv,152,75,151,1,49.3421052631579,49.66887417218543,76,50.0
ChemBench,Qwen3-8B,main,results/raw/ChemBench/Qwen3-8B_Qwen3-8B_chemical_preference.csv,1000,541,1000,0,54.1,54.1,541,54.1
ChemBench,Qwen3-8B,main,results/raw/ChemBench/Qwen3-8B_Qwen3-8B_general_chemistry.csv,149,118,149,0,79.19463087248322,79.19463087248322,118,79.19463087248322
ChemBench,Qwen3-8B,main,results/raw/ChemBench/Qwen3-8B_Qwen3-8B_inorganic_chemistry.csv,92,73,92,0,79.34782608695652,79.34782608695652,73,79.34782608695652
ChemBench,Qwen3-8B,main,results/raw/ChemBench/Qwen3-8B_Qwen3-8B_materials_science.csv,84,57,84,0,67.85714285714286,67.85714285714286,57,67.85714285714286
ChemBench,Qwen3-8B,main,results/raw/ChemBench/Qwen3-8B_Qwen3-8B_organic_chemistry.csv,429,294,429,0,68.53146853146853,68.53146853146853,294,68.53146853146853
ChemBench,Qwen3-8B,main,results/raw/ChemBench/Qwen3-8B_Qwen3-8B_physical_chemistry.csv,165,127,165,0,76.96969696969697,76.96969696969697,127,76.96969696969697
ChemBench,Qwen3-8B,main,results/raw/ChemBench/Qwen3-8B_Qwen3-8B_technical_chemistry.csv,40,25,40,0,62.5,62.5,25,62.5
ChemBench,Qwen3-8B,main,results/raw/ChemBench/Qwen3-8B_Qwen3-8B_toxicity_and_safety.csv,675,292,675,0,43.25925925925926,43.25925925925926,292,43.25925925925926
ChemBench4K,ChemDFM-v1.0-13B,main,results/raw/ChemBench4K/ChemDFM-v1.0-13B_Qwen3-8B.csv,4009,1540,4009,0,38.413569468695435,38.413569468695435,1540,38.413569468695435
ChemBench4K,ChemLLM-7B-Chat,main,results/raw/ChemBench4K/ChemLLM-7B-Chat_Qwen3-8B.csv,4008,1242,4008,0,30.98802395209581,30.98802395209581,1242,30.98802395209581
ChemBench4K,Qwen3-0.6B,main,results/raw/ChemBench4K/Qwen3-0.6B_Qwen3-8B.csv,4009,1008,4009,0,25.14342728860065,25.14342728860065,1008,25.14342728860065
ChemBench4K,Qwen3-1.7B,main,results/raw/ChemBench4K/Qwen3-1.7B_Qwen3-8B.csv,4009,1200,4007,2,29.93265153404839,29.947591714499627,1202,29.98253928660514
ChemBench4K,Qwen3-4B,main,results/raw/ChemBench4K/Qwen3-4B_Qwen3-8B.csv,4009,1856,4008,1,46.29583437266151,46.30738522954092,1857,46.32077824893989
ChemBench4K,Qwen3-8B,main,results/raw/ChemBench4K/Qwen3-8B_Qwen3-8B.csv,4009,2071,4005,4,51.65876777251185,51.7103620474407,2075,51.75854327762534
MASCQA,ChemDFM-v1.0-13B,main,results/raw/MASCQA/ChemDFM-v1.0-13B_Qwen3-8B.csv,650,344,639,11,52.92307692307692,53.834115805946794,354,54.46153846153846
MASCQA,ChemLLM-7B-Chat,main,results/raw/MASCQA/ChemLLM-7B-Chat_Qwen3-8B.csv,650,239,634,16,36.76923076923077,37.69716088328076,253,38.92307692307692
MASCQA,Qwen3-0.6B,main,results/raw/MASCQA/Qwen3-0.6B_Qwen3-8B.csv,650,123,649,1,18.923076923076923,18.952234206471495,124,19.076923076923077
MASCQA,Qwen3-1.7B,main,results/raw/MASCQA/Qwen3-1.7B_Qwen3-8B.csv,650,246,650,0,37.84615384615385,37.84615384615385,246,37.84615384615385
MASCQA,Qwen3-4B,main,results/raw/MASCQA/Qwen3-4B_Qwen3-8B.csv,650,387,648,2,59.53846153846154,59.72222222222222,389,59.84615384615385
MASCQA,Qwen3-8B,main,results/raw/MASCQA/Qwen3-8B_Qwen3-8B.csv,650,445,646,4,68.46153846153847,68.88544891640866,449,69.07692307692308
