benchmark,model,subject,total,correct,valid,ambiguous,accuracy_all_pct,accuracy_valid_pct,historical_yes,historical_yes_pct
ChemBench,ChemDFM-v1.0-13B,analytical_chemistry,152,62,152,0,40.78947368421053,40.78947368421053,62,40.78947368421053
ChemBench,ChemDFM-v1.0-13B,chemical_preference,1000,510,1000,0,51.0,51.0,510,51.0
ChemBench,ChemDFM-v1.0-13B,general_chemistry,149,85,149,0,57.04697986577181,57.04697986577181,85,57.04697986577181
ChemBench,ChemDFM-v1.0-13B,inorganic_chemistry,92,65,92,0,70.65217391304348,70.65217391304348,65,70.65217391304348
ChemBench,ChemDFM-v1.0-13B,materials_science,84,32,84,0,38.095238095238095,38.095238095238095,32,38.095238095238095
ChemBench,ChemDFM-v1.0-13B,organic_chemistry,429,230,429,0,53.613053613053616,53.613053613053616,230,53.613053613053616
ChemBench,ChemDFM-v1.0-13B,physical_chemistry,165,97,153,12,58.78787878787879,63.39869281045752,109,66.06060606060606
ChemBench,ChemDFM-v1.0-13B,technical_chemistry,40,20,40,0,50.0,50.0,20,50.0
ChemBench,ChemDFM-v1.0-13B,toxicity_and_safety,675,217,675,0,32.148148148148145,32.148148148148145,217,32.148148148148145
ChemBench,ChemLLM-7B-Chat,analytical_chemistry,152,79,152,0,51.973684210526315,51.973684210526315,79,51.973684210526315
ChemBench,ChemLLM-7B-Chat,chemical_preference,1000,830,1000,0,83.0,83.0,830,83.0
ChemBench,ChemLLM-7B-Chat,general_chemistry,149,52,147,2,34.899328859060404,35.374149659863946,54,36.241610738255034
ChemBench,ChemLLM-7B-Chat,inorganic_chemistry,92,56,91,1,60.869565217391305,61.53846153846154,57,61.95652173913044
ChemBench,ChemLLM-7B-Chat,materials_science,84,33,82,2,39.285714285714285,40.24390243902439,35,41.666666666666664
ChemBench,ChemLLM-7B-Chat,organic_chemistry,429,198,429,0,46.15384615384615,46.15384615384615,198,46.15384615384615
ChemBench,ChemLLM-7B-Chat,physical_chemistry,165,81,157,8,49.09090909090909,51.59235668789809,89,53.93939393939394
ChemBench,ChemLLM-7B-Chat,technical_chemistry,40,20,40,0,50.0,50.0,20,50.0
ChemBench,ChemLLM-7B-Chat,toxicity_and_safety,675,155,675,0,22.962962962962962,22.962962962962962,155,22.962962962962962
ChemBench,Qwen3-0.6B,analytical_chemistry,152,35,152,0,23.026315789473685,23.026315789473685,35,23.026315789473685
ChemBench,Qwen3-0.6B,chemical_preference,1000,495,1000,0,49.5,49.5,495,49.5
ChemBench,Qwen3-0.6B,general_chemistry,149,46,149,0,30.87248322147651,30.87248322147651,46,30.87248322147651
ChemBench,Qwen3-0.6B,inorganic_chemistry,92,30,92,0,32.608695652173914,32.608695652173914,30,32.608695652173914
ChemBench,Qwen3-0.6B,materials_science,84,19,84,0,22.61904761904762,22.61904761904762,19,22.61904761904762
ChemBench,Qwen3-0.6B,organic_chemistry,429,133,429,0,31.002331002331,31.002331002331,133,31.002331002331
ChemBench,Qwen3-0.6B,physical_chemistry,165,43,165,0,26.060606060606062,26.060606060606062,43,26.060606060606062
ChemBench,Qwen3-0.6B,technical_chemistry,40,12,40,0,30.0,30.0,12,30.0
ChemBench,Qwen3-0.6B,toxicity_and_safety,675,153,675,0,22.666666666666668,22.666666666666668,153,22.666666666666668
ChemBench,Qwen3-1.7B,analytical_chemistry,152,44,151,1,28.94736842105263,29.13907284768212,45,29.605263157894736
ChemBench,Qwen3-1.7B,chemical_preference,1000,496,1000,0,49.6,49.6,496,49.6
ChemBench,Qwen3-1.7B,general_chemistry,149,95,149,0,63.758389261744966,63.758389261744966,95,63.758389261744966
ChemBench,Qwen3-1.7B,inorganic_chemistry,92,50,92,0,54.34782608695652,54.34782608695652,50,54.34782608695652
ChemBench,Qwen3-1.7B,materials_science,84,37,83,1,44.04761904761905,44.57831325301205,38,45.23809523809524
ChemBench,Qwen3-1.7B,organic_chemistry,429,209,429,0,48.717948717948715,48.717948717948715,209,48.717948717948715
ChemBench,Qwen3-1.7B,physical_chemistry,165,80,165,0,48.484848484848484,48.484848484848484,80,48.484848484848484
ChemBench,Qwen3-1.7B,technical_chemistry,40,20,40,0,50.0,50.0,20,50.0
ChemBench,Qwen3-1.7B,toxicity_and_safety,675,199,675,0,29.48148148148148,29.48148148148148,199,29.48148148148148
ChemBench,Qwen3-4B,analytical_chemistry,152,65,152,0,42.76315789473684,42.76315789473684,65,42.76315789473684
ChemBench,Qwen3-4B,chemical_preference,1000,522,1000,0,52.2,52.2,522,52.2
ChemBench,Qwen3-4B,general_chemistry,149,107,149,0,71.81208053691275,71.81208053691275,107,71.81208053691275
ChemBench,Qwen3-4B,inorganic_chemistry,92,70,92,0,76.08695652173913,76.08695652173913,70,76.08695652173913
ChemBench,Qwen3-4B,materials_science,84,50,84,0,59.523809523809526,59.523809523809526,50,59.523809523809526
ChemBench,Qwen3-4B,organic_chemistry,429,270,429,0,62.93706293706294,62.93706293706294,270,62.93706293706294
ChemBench,Qwen3-4B,physical_chemistry,165,122,165,0,73.93939393939394,73.93939393939394,122,73.93939393939394
ChemBench,Qwen3-4B,technical_chemistry,40,22,40,0,55.0,55.0,22,55.0
ChemBench,Qwen3-4B,toxicity_and_safety,675,273,675,0,40.44444444444444,40.44444444444444,273,40.44444444444444
ChemBench,Qwen3-8B,analytical_chemistry,152,75,151,1,49.3421052631579,49.66887417218543,76,50.0
ChemBench,Qwen3-8B,chemical_preference,1000,541,1000,0,54.1,54.1,541,54.1
ChemBench,Qwen3-8B,general_chemistry,149,118,149,0,79.19463087248322,79.19463087248322,118,79.19463087248322
ChemBench,Qwen3-8B,inorganic_chemistry,92,73,92,0,79.34782608695652,79.34782608695652,73,79.34782608695652
ChemBench,Qwen3-8B,materials_science,84,57,84,0,67.85714285714286,67.85714285714286,57,67.85714285714286
ChemBench,Qwen3-8B,organic_chemistry,429,294,429,0,68.53146853146853,68.53146853146853,294,68.53146853146853
ChemBench,Qwen3-8B,physical_chemistry,165,127,165,0,76.96969696969697,76.96969696969697,127,76.96969696969697
ChemBench,Qwen3-8B,technical_chemistry,40,25,40,0,62.5,62.5,25,62.5
ChemBench,Qwen3-8B,toxicity_and_safety,675,292,675,0,43.25925925925926,43.25925925925926,292,43.25925925925926
ChemBench4K,ChemDFM-v1.0-13B,Caption2mol_benchmark,800,289,800,0,36.125,36.125,289,36.125
ChemBench4K,ChemDFM-v1.0-13B,Mol2caption_benchmark,299,231,299,0,77.25752508361204,77.25752508361204,231,77.25752508361204
ChemBench4K,ChemDFM-v1.0-13B,Name_Conversion_benchmark,799,326,799,0,40.80100125156446,40.80100125156446,326,40.80100125156446
ChemBench4K,ChemDFM-v1.0-13B,Product_Prediction_benchmark,300,108,300,0,36.0,36.0,108,36.0
ChemBench4K,ChemDFM-v1.0-13B,Property_Prediction_benchmark,709,270,709,0,38.081805359661494,38.081805359661494,270,38.081805359661494
ChemBench4K,ChemDFM-v1.0-13B,Retrosynthesis_benchmark,300,99,300,0,33.0,33.0,99,33.0
ChemBench4K,ChemDFM-v1.0-13B,Solvent_Prediction_benchmark,300,76,300,0,25.333333333333332,25.333333333333332,76,25.333333333333332
ChemBench4K,ChemDFM-v1.0-13B,Temperature_Prediction_benchmark,202,51,202,0,25.247524752475247,25.247524752475247,51,25.247524752475247
ChemBench4K,ChemDFM-v1.0-13B,Yield_Prediction_benchmark,300,90,300,0,30.0,30.0,90,30.0
ChemBench4K,ChemLLM-7B-Chat,Caption2mol_benchmark,800,312,800,0,39.0,39.0,312,39.0
ChemBench4K,ChemLLM-7B-Chat,Mol2caption_benchmark,299,211,299,0,70.5685618729097,70.5685618729097,211,70.5685618729097
ChemBench4K,ChemLLM-7B-Chat,Name_Conversion_benchmark,799,83,799,0,10.387984981226532,10.387984981226532,83,10.387984981226532
ChemBench4K,ChemLLM-7B-Chat,Product_Prediction_benchmark,300,72,300,0,24.0,24.0,72,24.0
ChemBench4K,ChemLLM-7B-Chat,Property_Prediction_benchmark,709,314,709,0,44.287729196050776,44.287729196050776,314,44.287729196050776
ChemBench4K,ChemLLM-7B-Chat,Retrosynthesis_benchmark,299,109,299,0,36.45484949832776,36.45484949832776,109,36.45484949832776
ChemBench4K,ChemLLM-7B-Chat,Solvent_Prediction_benchmark,300,39,300,0,13.0,13.0,39,13.0
ChemBench4K,ChemLLM-7B-Chat,Temperature_Prediction_benchmark,202,37,202,0,18.316831683168317,18.316831683168317,37,18.316831683168317
ChemBench4K,ChemLLM-7B-Chat,Yield_Prediction_benchmark,300,65,300,0,21.666666666666668,21.666666666666668,65,21.666666666666668
ChemBench4K,Qwen3-0.6B,Caption2mol_benchmark,800,199,800,0,24.875,24.875,199,24.875
ChemBench4K,Qwen3-0.6B,Mol2caption_benchmark,299,81,299,0,27.090301003344482,27.090301003344482,81,27.090301003344482
ChemBench4K,Qwen3-0.6B,Name_Conversion_benchmark,799,316,799,0,39.54943679599499,39.54943679599499,316,39.54943679599499
ChemBench4K,Qwen3-0.6B,Product_Prediction_benchmark,300,118,300,0,39.333333333333336,39.333333333333336,118,39.333333333333336
ChemBench4K,Qwen3-0.6B,Property_Prediction_benchmark,709,107,709,0,15.091678420310297,15.091678420310297,107,15.091678420310297
ChemBench4K,Qwen3-0.6B,Retrosynthesis_benchmark,300,64,300,0,21.333333333333332,21.333333333333332,64,21.333333333333332
ChemBench4K,Qwen3-0.6B,Solvent_Prediction_benchmark,300,45,300,0,15.0,15.0,45,15.0
ChemBench4K,Qwen3-0.6B,Temperature_Prediction_benchmark,202,18,202,0,8.910891089108912,8.910891089108912,18,8.910891089108912
ChemBench4K,Qwen3-0.6B,Yield_Prediction_benchmark,300,60,300,0,20.0,20.0,60,20.0
ChemBench4K,Qwen3-1.7B,Caption2mol_benchmark,800,222,800,0,27.75,27.75,222,27.75
ChemBench4K,Qwen3-1.7B,Mol2caption_benchmark,299,149,299,0,49.83277591973244,49.83277591973244,149,49.83277591973244
ChemBench4K,Qwen3-1.7B,Name_Conversion_benchmark,799,372,798,1,46.55819774718398,46.61654135338346,373,46.68335419274093
ChemBench4K,Qwen3-1.7B,Product_Prediction_benchmark,300,101,300,0,33.666666666666664,33.666666666666664,101,33.666666666666664
ChemBench4K,Qwen3-1.7B,Property_Prediction_benchmark,709,104,708,1,14.668547249647391,14.689265536723164,105,14.809590973201692
ChemBench4K,Qwen3-1.7B,Retrosynthesis_benchmark,300,93,300,0,31.0,31.0,93,31.0
ChemBench4K,Qwen3-1.7B,Solvent_Prediction_benchmark,300,60,300,0,20.0,20.0,60,20.0
ChemBench4K,Qwen3-1.7B,Temperature_Prediction_benchmark,202,36,202,0,17.821782178217823,17.821782178217823,36,17.821782178217823
ChemBench4K,Qwen3-1.7B,Yield_Prediction_benchmark,300,63,300,0,21.0,21.0,63,21.0
ChemBench4K,Qwen3-4B,Caption2mol_benchmark,800,274,800,0,34.25,34.25,274,34.25
ChemBench4K,Qwen3-4B,Mol2caption_benchmark,299,233,299,0,77.92642140468227,77.92642140468227,233,77.92642140468227
ChemBench4K,Qwen3-4B,Name_Conversion_benchmark,799,474,799,0,59.32415519399249,59.32415519399249,474,59.32415519399249
ChemBench4K,Qwen3-4B,Product_Prediction_benchmark,300,152,300,0,50.666666666666664,50.666666666666664,152,50.666666666666664
ChemBench4K,Qwen3-4B,Property_Prediction_benchmark,709,349,708,1,49.22425952045134,49.293785310734464,350,49.365303244005645
ChemBench4K,Qwen3-4B,Retrosynthesis_benchmark,300,124,300,0,41.333333333333336,41.333333333333336,124,41.333333333333336
ChemBench4K,Qwen3-4B,Solvent_Prediction_benchmark,300,82,300,0,27.333333333333332,27.333333333333332,82,27.333333333333332
ChemBench4K,Qwen3-4B,Temperature_Prediction_benchmark,202,68,202,0,33.663366336633665,33.663366336633665,68,33.663366336633665
ChemBench4K,Qwen3-4B,Yield_Prediction_benchmark,300,100,300,0,33.333333333333336,33.333333333333336,100,33.333333333333336
ChemBench4K,Qwen3-8B,Caption2mol_benchmark,800,348,800,0,43.5,43.5,348,43.5
ChemBench4K,Qwen3-8B,Mol2caption_benchmark,299,260,299,0,86.95652173913044,86.95652173913044,260,86.95652173913044
ChemBench4K,Qwen3-8B,Name_Conversion_benchmark,799,472,797,2,59.073842302878596,59.222082810539526,474,59.32415519399249
ChemBench4K,Qwen3-8B,Product_Prediction_benchmark,300,226,300,0,75.33333333333333,75.33333333333333,226,75.33333333333333
ChemBench4K,Qwen3-8B,Property_Prediction_benchmark,709,343,707,2,48.37799717912553,48.51485148514851,345,48.66008462623413
ChemBench4K,Qwen3-8B,Retrosynthesis_benchmark,300,163,300,0,54.333333333333336,54.333333333333336,163,54.333333333333336
ChemBench4K,Qwen3-8B,Solvent_Prediction_benchmark,300,91,300,0,30.333333333333332,30.333333333333332,91,30.333333333333332
ChemBench4K,Qwen3-8B,Temperature_Prediction_benchmark,202,45,202,0,22.277227722772277,22.277227722772277,45,22.277227722772277
ChemBench4K,Qwen3-8B,Yield_Prediction_benchmark,300,123,300,0,41.0,41.0,123,41.0
MASCQA,ChemDFM-v1.0-13B,Atomic structure,100,48,100,0,48.0,48.0,48,48.0
MASCQA,ChemDFM-v1.0-13B,Electrical,36,21,35,1,58.333333333333336,60.0,21,58.333333333333336
MASCQA,ChemDFM-v1.0-13B,Fluid,14,7,13,1,50.0,53.84615384615385,8,57.142857142857146
MASCQA,ChemDFM-v1.0-13B,Magnetism,15,8,15,0,53.333333333333336,53.333333333333336,8,53.333333333333336
MASCQA,ChemDFM-v1.0-13B,Material Applications,53,34,52,1,64.15094339622641,65.38461538461539,35,66.0377358490566
MASCQA,ChemDFM-v1.0-13B,Material characterization,14,6,14,0,42.857142857142854,42.857142857142854,6,42.857142857142854
MASCQA,ChemDFM-v1.0-13B,Material manufacturing,91,39,91,0,42.857142857142854,42.857142857142854,39,42.857142857142854
MASCQA,ChemDFM-v1.0-13B,Material processing,35,18,35,0,51.42857142857143,51.42857142857143,18,51.42857142857143
MASCQA,ChemDFM-v1.0-13B,Material testing,9,6,9,0,66.66666666666667,66.66666666666667,6,66.66666666666667
MASCQA,ChemDFM-v1.0-13B,Mechanical,96,53,93,3,55.208333333333336,56.98924731182796,56,58.333333333333336
MASCQA,ChemDFM-v1.0-13B,Miscellaneous,8,3,7,1,37.5,42.857142857142854,4,50.0
MASCQA,ChemDFM-v1.0-13B,Phase transition,41,19,41,0,46.34146341463415,46.34146341463415,19,46.34146341463415
MASCQA,ChemDFM-v1.0-13B,Thermodynamics,114,63,110,4,55.26315789473684,57.27272727272727,67,58.771929824561404
MASCQA,ChemDFM-v1.0-13B,Transport phenomena,24,19,24,0,79.16666666666667,79.16666666666667,19,79.16666666666667
MASCQA,ChemLLM-7B-Chat,Atomic structure,100,32,98,2,32.0,32.6530612244898,34,34.0
MASCQA,ChemLLM-7B-Chat,Electrical,36,18,36,0,50.0,50.0,18,50.0
MASCQA,ChemLLM-7B-Chat,Fluid,14,5,12,2,35.714285714285715,41.666666666666664,7,50.0
MASCQA,ChemLLM-7B-Chat,Magnetism,15,5,15,0,33.333333333333336,33.333333333333336,5,33.333333333333336
MASCQA,ChemLLM-7B-Chat,Material Applications,53,19,53,0,35.84905660377358,35.84905660377358,19,35.84905660377358
MASCQA,ChemLLM-7B-Chat,Material characterization,14,5,14,0,35.714285714285715,35.714285714285715,5,35.714285714285715
MASCQA,ChemLLM-7B-Chat,Material manufacturing,91,29,88,3,31.86813186813187,32.95454545454545,30,32.967032967032964
MASCQA,ChemLLM-7B-Chat,Material processing,35,12,35,0,34.285714285714285,34.285714285714285,12,34.285714285714285
MASCQA,ChemLLM-7B-Chat,Material testing,9,2,9,0,22.22222222222222,22.22222222222222,2,22.22222222222222
MASCQA,ChemLLM-7B-Chat,Mechanical,96,32,94,2,33.333333333333336,34.04255319148936,34,35.416666666666664
MASCQA,ChemLLM-7B-Chat,Miscellaneous,8,3,7,1,37.5,42.857142857142854,4,50.0
MASCQA,ChemLLM-7B-Chat,Phase transition,41,14,41,0,34.146341463414636,34.146341463414636,14,34.146341463414636
MASCQA,ChemLLM-7B-Chat,Thermodynamics,114,48,109,5,42.10526315789474,44.03669724770642,53,46.49122807017544
MASCQA,ChemLLM-7B-Chat,Transport phenomena,24,15,23,1,62.5,65.21739130434783,16,66.66666666666667
MASCQA,Qwen3-0.6B,Atomic structure,100,17,99,1,17.0,17.171717171717173,18,18.0
MASCQA,Qwen3-0.6B,Electrical,36,5,36,0,13.88888888888889,13.88888888888889,5,13.88888888888889
MASCQA,Qwen3-0.6B,Fluid,14,3,14,0,21.428571428571427,21.428571428571427,3,21.428571428571427
MASCQA,Qwen3-0.6B,Magnetism,15,2,15,0,13.333333333333334,13.333333333333334,2,13.333333333333334
MASCQA,Qwen3-0.6B,Material Applications,53,17,53,0,32.075471698113205,32.075471698113205,17,32.075471698113205
MASCQA,Qwen3-0.6B,Material characterization,14,4,14,0,28.571428571428573,28.571428571428573,4,28.571428571428573
MASCQA,Qwen3-0.6B,Material manufacturing,91,18,91,0,19.78021978021978,19.78021978021978,18,19.78021978021978
MASCQA,Qwen3-0.6B,Material processing,35,14,35,0,40.0,40.0,14,40.0
MASCQA,Qwen3-0.6B,Material testing,9,3,9,0,33.333333333333336,33.333333333333336,3,33.333333333333336
MASCQA,Qwen3-0.6B,Mechanical,96,7,96,0,7.291666666666667,7.291666666666667,7,7.291666666666667
MASCQA,Qwen3-0.6B,Miscellaneous,8,2,8,0,25.0,25.0,2,25.0
MASCQA,Qwen3-0.6B,Phase transition,41,6,41,0,14.634146341463415,14.634146341463415,6,14.634146341463415
MASCQA,Qwen3-0.6B,Thermodynamics,114,20,114,0,17.54385964912281,17.54385964912281,20,17.54385964912281
MASCQA,Qwen3-0.6B,Transport phenomena,24,5,24,0,20.833333333333332,20.833333333333332,5,20.833333333333332
MASCQA,Qwen3-1.7B,Atomic structure,100,36,100,0,36.0,36.0,36,36.0
MASCQA,Qwen3-1.7B,Electrical,36,11,36,0,30.555555555555557,30.555555555555557,11,30.555555555555557
MASCQA,Qwen3-1.7B,Fluid,14,9,14,0,64.28571428571429,64.28571428571429,9,64.28571428571429
MASCQA,Qwen3-1.7B,Magnetism,15,5,15,0,33.333333333333336,33.333333333333336,5,33.333333333333336
MASCQA,Qwen3-1.7B,Material Applications,53,27,53,0,50.943396226415096,50.943396226415096,27,50.943396226415096
MASCQA,Qwen3-1.7B,Material characterization,14,4,14,0,28.571428571428573,28.571428571428573,4,28.571428571428573
MASCQA,Qwen3-1.7B,Material manufacturing,91,32,91,0,35.16483516483517,35.16483516483517,32,35.16483516483517
MASCQA,Qwen3-1.7B,Material processing,35,11,35,0,31.428571428571427,31.428571428571427,11,31.428571428571427
MASCQA,Qwen3-1.7B,Material testing,9,8,9,0,88.88888888888889,88.88888888888889,8,88.88888888888889
MASCQA,Qwen3-1.7B,Mechanical,96,34,96,0,35.416666666666664,35.416666666666664,34,35.416666666666664
MASCQA,Qwen3-1.7B,Miscellaneous,8,2,8,0,25.0,25.0,2,25.0
MASCQA,Qwen3-1.7B,Phase transition,41,11,41,0,26.829268292682926,26.829268292682926,11,26.829268292682926
MASCQA,Qwen3-1.7B,Thermodynamics,114,45,114,0,39.473684210526315,39.473684210526315,45,39.473684210526315
MASCQA,Qwen3-1.7B,Transport phenomena,24,11,24,0,45.833333333333336,45.833333333333336,11,45.833333333333336
MASCQA,Qwen3-4B,Atomic structure,100,50,99,1,50.0,50.505050505050505,51,51.0
MASCQA,Qwen3-4B,Electrical,36,22,36,0,61.111111111111114,61.111111111111114,22,61.111111111111114
MASCQA,Qwen3-4B,Fluid,14,8,14,0,57.142857142857146,57.142857142857146,8,57.142857142857146
MASCQA,Qwen3-4B,Magnetism,15,8,15,0,53.333333333333336,53.333333333333336,8,53.333333333333336
MASCQA,Qwen3-4B,Material Applications,53,40,53,0,75.47169811320755,75.47169811320755,40,75.47169811320755
MASCQA,Qwen3-4B,Material characterization,14,13,14,0,92.85714285714286,92.85714285714286,13,92.85714285714286
MASCQA,Qwen3-4B,Material manufacturing,91,56,90,1,61.53846153846154,62.22222222222222,57,62.637362637362635
MASCQA,Qwen3-4B,Material processing,35,25,35,0,71.42857142857143,71.42857142857143,25,71.42857142857143
MASCQA,Qwen3-4B,Material testing,9,7,9,0,77.77777777777777,77.77777777777777,7,77.77777777777777
MASCQA,Qwen3-4B,Mechanical,96,53,96,0,55.208333333333336,55.208333333333336,53,55.208333333333336
MASCQA,Qwen3-4B,Miscellaneous,8,5,8,0,62.5,62.5,5,62.5
MASCQA,Qwen3-4B,Phase transition,41,24,41,0,58.53658536585366,58.53658536585366,24,58.53658536585366
MASCQA,Qwen3-4B,Thermodynamics,114,60,114,0,52.63157894736842,52.63157894736842,60,52.63157894736842
MASCQA,Qwen3-4B,Transport phenomena,24,16,24,0,66.66666666666667,66.66666666666667,16,66.66666666666667
MASCQA,Qwen3-8B,Atomic structure,100,61,99,1,61.0,61.61616161616162,62,62.0
MASCQA,Qwen3-8B,Electrical,36,23,36,0,63.888888888888886,63.888888888888886,23,63.888888888888886
MASCQA,Qwen3-8B,Fluid,14,10,14,0,71.42857142857143,71.42857142857143,10,71.42857142857143
MASCQA,Qwen3-8B,Magnetism,15,11,15,0,73.33333333333333,73.33333333333333,11,73.33333333333333
MASCQA,Qwen3-8B,Material Applications,53,44,53,0,83.01886792452831,83.01886792452831,44,83.01886792452831
MASCQA,Qwen3-8B,Material characterization,14,14,14,0,100.0,100.0,14,100.0
MASCQA,Qwen3-8B,Material manufacturing,91,58,88,3,63.73626373626374,65.9090909090909,61,67.03296703296704
MASCQA,Qwen3-8B,Material processing,35,29,35,0,82.85714285714286,82.85714285714286,29,82.85714285714286
MASCQA,Qwen3-8B,Material testing,9,9,9,0,100.0,100.0,9,100.0
MASCQA,Qwen3-8B,Mechanical,96,63,96,0,65.625,65.625,63,65.625
MASCQA,Qwen3-8B,Miscellaneous,8,6,8,0,75.0,75.0,6,75.0
MASCQA,Qwen3-8B,Phase transition,41,25,41,0,60.97560975609756,60.97560975609756,25,60.97560975609756
MASCQA,Qwen3-8B,Thermodynamics,114,74,114,0,64.91228070175438,64.91228070175438,74,64.91228070175438
MASCQA,Qwen3-8B,Transport phenomena,24,18,24,0,75.0,75.0,18,75.0
